{
  "drone_id": "PRIMARY_DRONE",
  "start_time": 1200.0,
  "end_time": 1789.2703821959267,
  "cruise_speed": 12.0,
  "waypoints": [
    {
      "x": 0,
      "y": 0,
      "z": 100
    },
    {
      "x": 5000,
      "y": 5000,
      "z": 150
    }
  ],
  "total_distance": 7071.244586351118,
  "duration": 589.2703821959267
}