{
  "drone_id": "PRIMARY_DRONE",
  "start_time": 300.0,
  "end_time": 673.1471479161453,
  "cruise_speed": 12.0,
  "waypoints": [
    {
      "x": 561.8101782710437,
      "y": 1426.0714596148744,
      "z": 159.79909127171078
    },
    {
      "x": 4397.987726295555,
      "y": 3734.027960663655,
      "z": 73.3991780504304
    }
  ],
  "total_distance": 4477.765774993744,
  "duration": 373.1471479161453
}